{
  "FLogNetwork": "7",
  "FFlagHandleAltEnterFullscreenManually": "False",
  "FFlagDisablePostFx": "True",
  "DFIntTaskSchedulerTargetFps": "500",
  "FIntFullscreenTitleBarTriggerDelayMillis": "3600000",
  "DFIntCanHideGuiGroupId": "32380007",
  "FFlagEnableInGameMenuChromeABTest2": "False",
  "FFlagEnableInGameMenuChrome": "False",
  "FFlagOverrideInExperienceMenuReorderVariant1": "False",
  "FFlagAXAccessoryAdjustmentIXPEnabled": "true",
  "DFIntAnimationLodFacsVisibilityDenominator": "0",
  "FFlagEnableMenuControlsABTest": "False",
  "FFlagUIBloxDevUseNewFontNameMapping": "False",
  "FFlagEnableNewFontNameMappingABTest2": "False",
  "FFlagEnableReportAbuseMenuRoact2": "False",
  "FFlagAXAccessoryAdjustment": "true",
  "FFlagDisableNewIGMinDUA": "True",
  "FFlagEnableInGameMenuControls": "False",
  "FFlagDebugDisableTelemetryV2Event": "True",
  "FFlagAddHapticsToggle": "False",
  "FFlagDebugDisableTelemetryEphemeralStat": "True",
  "FFlagAXSearchLandingPageIXPEnabled4": "False",
  "FFlagDisableFeedbackSoothsayerCheck": "False",
  "FIntV1MenuLanguageSelectionFeaturePerMillageRollout": "0",
  "FFlagInGameMenuHomeButton": "false",
  "DFFlagDebugPerfMode": "True",
  "FIntNewInGameMenuPercentRollout3": "0",
  "FFlagAdServiceEnabled": "False",
  "FStringTopBarBadgeLearnMoreLink": "https://google.com/",
  "FIntRenderGrassDetailStrands": "0",
  "FIntFRMMaxGrassDistance": "0",
  "FFlagFastGPULightCulling3": "True",
  "FFlagControlBetaBadgeWithGuac": "False",
  "FFlagEnableMenuModernizationABTest": "False",
  "FFlagEnableMenuModernizationABTest2": "False",
  "FFlagEnableV3MenuABTest3": "False",
  "FFlagEnableNewInviteMenuIXP2": "False",
  "FFlagSelfieViewEnabled": "True",
  "DFIntAnimationLodFacsDistanceMin": "0",
  "DFIntAnimationLodFacsDistanceMax": "0",
  "FFlagDSAIllegalContentReporting2": "False",
  "FFlagEnableInGameMenuChromeABTest3": "False",
  "FFlagDebugDisableTelemetryEventIngest": "True",
  "FFlagTopBarUseNewBadge": "True",
  "FFlagDebugSimIntegrationStabilityTesting": "False",
  "FFlagRenderDebugCheckThreading2": "True",
  "FFlagEnableInGameMenuChromeABTest4": "False",
  "FFlagAppChatInExperienceEnabledV647new": "False",
  "FFlagEnableVisBugChecks27": "True",
  "FFlagMSRefactor5": "false",
  "FFlagGameDetailsDecoupledCommunication": "False",
  "FFlagAddArialToLegacyContent": "False",
  "FStringVoiceBetaBadgeLearnMoreLink": "https://google.com/",
  "FFlagLuaAppGenreUnderConstruction": "False",
  "FFlagErrorPromptResizesHeight": "False",
  "FFlagEnableCommandAutocomplete": "False",
  "FFlagUpdateHealthBar": "False",
  "FStringReportAbuseMenuRoactForcedUserIds": "null",
  "FFlagBetaBadgeLearnMoreLinkFormview": "False",
  "FFlagDebugDisableTelemetryV2Counter": "True",
  "FStringNewChatTabExperimentLayerValue": "2024MUSIC",
  "FFlagEnableInGameMenuModernization": "False",
  "FStringTencentAuthPath": "null",
  "FIntRobloxGuiBlurIntensity": "0",
  "FFlagEnableBetaBadgeLearnMore": "False",
  "FFlagDebugForceFSMCPULightCulling": "True",
  "FFlagDebugCheckRenderThreading": "True",
  "FFlagSoundsUsePhysicalVelocity": "False",
  "FFlagEnableReportAbuseMenuLayerOnV3": "False",
  "FFlagVisBugChecksThreadYield": "True",
  "FIntGameGridFlexFeedItemTileNumPerFeed": "0",
  "FFlagGameBasicSettingsFramerateCap5": "False",
  "FFlagChatTranslationEnableSystemMessage": "False",
  "FFlagChatTranslationSettingEnabled3": "False",
  "FFlagDebugDisableTelemetryPoint": "True",
  "FFlagSettingsHubIndependentBackgroundVisibility": "False",
  "FFlagLuaAppChartsPageRenameIXP": "False",
  "FIntTaskSchedulerThreadMin": "3",
  "DFFlagDebugRenderForceTechnologyVoxel": "True",
  "FFlagEnableAudioOutputDevice": "False",
  "FFlagVoiceBetaBadge": "False",
  "FIntRuntimeMaxNumOfThreads": "2400",
  "FFlagAddGothamToLegacyContent": "False",
  "FIntFRMMinGrassDistance": "0",
  "FFlagEnableNonUAPAccessoryAdjustment": "true",
  "FFlagDebugGraphicsPreferD3D11": "True",
  "FFlagEnableReportAbuseMenuRoactABTest2": "False",
  "FFlagDebugDisableTelemetryEphemeralCounter": "True",
  "FFlagEnableCapturesHotkeyExperiment_v4": "False",
  "FIntScrollWheelDeltaAmount": "140",
  "FFlagAXAvatarFetchResultCamelCase": "true",
  "FFlagAXAccessoryAdjustmentIXPEnabledForAll": "true",
  "FFlagDebugDisableTelemetryV2Stat": "True",
  "FFlagEnableHamburgerIcon": "True",
  "DFFlagDisableDPIScale": "True",
  "FFlagEnableQuickGameLaunch": "True",
  "DFIntMinClientSimulationRadius": "2147000000",
  "DFIntMinimalSimRadiusBuffer": "2147000000",
  "DFIntMaxClientSimulationRadius": "2147000000",
  "DFIntConnectionMTUSize": "900",
  "FIntRakNetResendBufferArrayLength": "128",
  "FFlagOptimizeNetwork": "True",
  "FFlagOptimizeNetworkRouting": "True",
  "FFlagOptimizeNetworkTransport": "True",
  "FFlagOptimizeServerTickRate": "True",
  "DFIntServerPhysicsUpdateRate": "60",
  "DFIntServerTickRate": "60",
  "DFIntRakNetResendRttMultiple": "1",
  "DFIntRaknetBandwidthPingSendEveryXSeconds": "1",
  "DFIntOptimizePingThreshold": "50",
  "DFIntPlayerNetworkUpdateQueueSize": "20",
  "DFIntPlayerNetworkUpdateRate": "60",
  "DFIntNetworkPrediction": "120",
  "DFIntNetworkLatencyTolerance": "1",
  "FFlagAppChatRebrandIconUpdates": "False",
  "FFlagAlwaysShowVRToggleV3": "False",
  "FFlagDataModelPatcherForceLocal": "True"
}
